Product Name,Stars,Price
"Wireless Switch Pro Controller for Switch/Switch Lite, YCCTEAM 1200mAh Built-in Rechargeable Battery Remote Pro Controller Gamepad Joystick for Switch Console, Support Screenshot and Twitch Movement",4.1,35.99
"Switch Dock with Ethernet, LAN Port Nintendo Switch Docking Station Centeni Portable Nintendo Dock Connect to TV via HDMI Automatically - Replacement Charging Stand Dock for Nintendo Switch",3.7,39.99
"Zadii Hard Carrying Case Compatible with Nintendo Switch, Travel Case fit Switch Pro Controller",4.8,32.99
"Cat Claw Design Thumb Grip Caps, Joystick Cap for Nintendo Switch & Lite, Soft Silicone Cover for Joy-Con Controller （Yellow & Purple)",3.5,9.99
"Nintendo Switch 3 items Bundle:Nintendo Switch 32GB Console Neon Red and Blue Joy-con,64GB Micro SD Memory Card and Super Mario Odyssey Game Disc",3.7,639.99
Mario Kart 8 Deluxe,4.8,Unknown
Orzly Screen Protector for Nintendo Switch Lite 2019 Model [4 Pack] Tempered Glass Screen Protectors. No Bubbles Easy Installation Anti Scratch Edition,4.7,7.99
"Dockable Clear Case for Nintendo Switch, VANJUNN 3 in 1 Protective Case Cover for Nintendo Switch and Joy-Con Controller with Clear Grip Cover Shock-Absorption and Anti-Scratch Design( Crystal Clear)",4.2,12.99
Borderlands Legendary Collection,3.5,49.94
"Switch Accessories Bundle - Orzly Essentials Pack for Nintendo switch Case & Screen Protector, Grip Case, Games Holder, Headphones - Classic Black Edition",4.7,31.44
"Wireless Pro Controller for Nintendo Switch Support Amiibo - OUBANG Switch Remote Gamepad with NFC and Awakening Function,Support Gyro Axis,Turbo and Dual Vibration",4.3,23.99
TechKen XB Pro Controller Compatible with Nintendo Switch and Nintendo Switch Lite,4.5,30.97
PowerA Wireless GameCube Style Controller for Nintendo Switch - Purple,4.3,Unknown
"Switch Controller, Controller for Nintendo Switch with Motion & Dual Vibration, Wireless Controller for Switch with Bluetooth",4.4,28.78
Nintendo Switch - Animal Crossing: New Horizons Edition - Switch,4.5,Unknown
"Compatiable with Nintendo Switch JoyCon Charging Dock, Support 1-4pcs Joy Con, Charger Stand Station with Individual LED Indicator for Nintendo Switch Joy-Con",4.6,13.99
PGA TOUR 2K21 - Nintendo Switch,Unknown,59.99
LEGO DC Super-Villains - Nintendo Switch,4.7,24.88
"Nintendo Switch Protection Pack – Screen Protector, Cleaning Cloth, Game Card Cases, Micro SD Cases",4.6,4.99
HORI Compact Playstand for Nintendo Switch Officially Licensed by Nintendo,4.7,12.99
Majoras Mask Link Amiibo - TLOZ Collection (Nintendo Switch/3DS/Wii U) Switch),4.8,34.99
Nintendo Switch Zelda Sheikah Eye Carrying Case – Protective Deluxe Travel Case – Koskin Leather with Embossed Zelda Breath of The Wild Art – Official Nintendo Licensed Product,4.7,19.99
"Wireless Switch Pro Controller for Switch/Switch Lite, YCCTEAM 1200mAh Built-in Rechargeable Battery Remote Pro Controller Gamepad Joystick for Switch Console, Support Screenshot and Twitch Movement",4.1,35.99
"LETTON Stereo Gaming Headset for PS4, PC, Xbox One Controller, Noise Cancelling Over Ear Headphones with Mic, Bass Surround, Soft Memory Earmuffs for Laptop Mac Nintendo Switch Games (L1)",4.7,29.99
"PDP 500-162-NA-BLRD Nintendo Switch LVL40 Wired Stereo Headset Joycon Blue/Red, 500-162-NA-BLRD - Nintendo Switch",4.1,29.99
Wireless Switch Pro Controller Gamepad Joypad Remote Joystick for Nintendo Switch Console,4.0,34.99
Orzly Carry Case Compatible With Nintendo Switch - BLACK Protective Hard Portable Travel Carry Case Shell Pouch for Nintendo Switch Console & Accessories,4.7,14.99
Angry Video Game Nerd,3.9,0.99
PowerA Enhanced Wireless Controller for Nintendo Switch - Animal Crossing: K.K. Slider,4.4,49.99
PowerA Enhanced Wireless Controller for Nintendo Switch - Doom 25,4.4,49.99
"Nintendo Switch 3 items Bundle:Nintendo Switch 32GB Console Gray Joy-con,64GB Micro SD Memory Card and Mario Kart 8 Deluxe",4.4,538.99
Nintendo Joy-Con (L/R) - Neon Pink / Neon Green,4.7,Unknown
"Wireless Pro Controller for Nintendo Switch Support Amiibo - OUBANG Switch Remote Gamepad with NFC and Awakening Function,Support Gyro Axis,Turbo and Dual Vibration",4.3,23.99
TechKen XB Pro Controller Compatible with Nintendo Switch and Nintendo Switch Lite,4.5,30.97
The Legend of Zelda: Breath of the Wild - Nintendo Switch,4.9,Unknown
Nintendo Switch Neon Blue and Neon Red Joy-Con,4.4,Unknown
HORI Nintendo Switch Split Pad Pro (Daemon X Machina Edition) Ergonomic Controller for Handheld Mode - Officially Licensed By Nintendo - Nintendo Switch,4.6,49.99
PowerA Enhanced Wireless Controller for Nintendo Switch - Spyro,4.4,48.00
NBA 2K20   Nintendo Switch,4.7,19.99
Super Mario Odyssey (Nintendo Switch),4.8,58.79
"Nintendo Charging Dock Set with High Speed HDMI Cable and AC Adapter for Nintendo Switch, Black (Renewed)",4.3,Unknown
PowerA Enhanced Wireless Controller for Nintendo Switch - Animal Crossing: Timmy & Tommy Nook - Nintendo Switch,4.4,Unknown
"Exlene Wireless Gamecube Controller Switch, Compatible with Nintendo Switch and PC, Rechargeable, Motion Controls, Rumble, Turbo (Bluetooth Version)",4.0,36.99
Pegly Joy-Con Wireless Wheel (set of 2) for Nintendo Switch Red Color,3.5,7.99
"Wireless Switch Pro Controller for Switch/Switch Lite, YCCTEAM 1200mAh Built-in Rechargeable Battery Remote Pro Controller Gamepad Joystick for Switch Console, Support Screenshot and Twitch Movement",4.1,35.99
"Switch Dock with Ethernet, LAN Port Nintendo Switch Docking Station Centeni Portable Nintendo Dock Connect to TV via HDMI Automatically - Replacement Charging Stand Dock for Nintendo Switch",3.7,39.99
Carry Case for Nintendo Switch Lite - Portable Travel Carry Case with storage for Switch Lite Games & Accessories [Pink],4.8,12.74
Ghostbusters: The Video Game Remastered - Nintendo Switch Standard Edition,Unknown,19.99
"Nintendo Swtich 3 items Bundle:Nintendo Switch 32GB Console Neon Red and Blue Joy-con ,64GB Micro SD Memory Card and The Legend of Zelda:Breath of the Wild",4.5,649.99
PowerA Wired Controller for Nintendo Switch - Black,4.1,Unknown
Cuphead - Nintendo Switch [Digital Code],4.6,19.99
Rune Factory 4 Special - Nintendo Switch,4.8,39.99
The Outer Worlds - Nintendo Switch,2.9,59.99
Switch,2.9,3.99
"Wireless Pro Controller for Nintendo Switch Support Amiibo - OUBANG Switch Remote Gamepad with NFC and Awakening Function,Support Gyro Axis,Turbo and Dual Vibration",4.3,23.99
TechKen XB Pro Controller Compatible with Nintendo Switch and Nintendo Switch Lite,4.5,30.97
Fitness Boxing (Nintendo Switch) (Nintendo Switch),4.4,67.99
Nintendo Switch - Joy-Con (L/R)-Neon Green/Neon Pink Splatoon 2 (Japan Import),4.6,112.99
Marvel Ultimate Alliance 3: The Black Order - Nintendo Switch,4.5,58.85
"RREAKA USB Type C to HDMI Digital AV Multiport Hub, USB-C (USB3.1) Adapter PD Charger for Nintendo Switch,Portable 4K HDMI Dock for Samsung Dex Station S10/9/8/Tab S6/S5 Travel TV Docking Station",4.3,23.99
"Winkeyes Nintendo Switch Joy-Con Controller Mini Switch Controller Joy Con (L/R) Wireless Pro Game Controller Gamepad Joypad Joystick Compatible with Nintendo Switch, Blue and Red Color",2.4,37.99
Nintendo Switch Adventure Pack (Poke Ball Edition) Travel Bag by HORI - Officially Licensed by Nintendo & Pokemon,4.8,24.99
Sports Party - Nintendo Switch Standard Edition,4.3,14.99
"Lamicall Multi-Angle Nintendo Switch Playstand, Tablet Stand, Phone Holder Dock for Desk, Foldable, Adjustable, Compatible with iPad Mini Pro Air, iPhone XS Max XR X 8 7 6S 6 Plus etc., 4-10'' Devices",4.8,19.99
Majoras Mask Link Amiibo - TLOZ Collection (Nintendo Switch/3DS/Wii U) Switch),4.8,34.99
"ZD-O (Lite) Wired Gaming Controller for Steam Nintendo Switch,Lapto/PC(Win7-Win10),Android Smartphone Tablet VR TV Box(Black)",Unknown,28.99
Nintendo Switch Zelda Sheikah Eye Carrying Case – Protective Deluxe Travel Case – Koskin Leather with Embossed Zelda Breath of The Wild Art – Official Nintendo Licensed Product,4.7,19.99
"Switch Dock with Ethernet, LAN Port Nintendo Switch Docking Station Centeni Portable Nintendo Dock Connect to TV via HDMI Automatically - Replacement Charging Stand Dock for Nintendo Switch",3.7,39.99
Silicone Non-Slip Cap Case Thumb Grips Cover Analog Thumb Stick Joystick Button Cap Handle Button Caps for Nintendo Switch Joy-con,4.7,7.99
"Wireless Pro Controller for Nintendo Switch Support Amiibo - OUBANG Switch Remote Gamepad with NFC and Awakening Function,Support Gyro Axis,Turbo and Dual Vibration",4.3,23.99
"Switch Pro Controller, TechKen Bluetooth Pro Controller Compatible with Nintendo Switch, New Blue",3.9,21.88
Donkey Kong Country: Tropical Freeze (Nintendo Switch),4.7,64.80
TechKen XB Pro Controller Compatible with Nintendo Switch and Nintendo Switch Lite,4.5,30.97
PowerA Everywhere Messenger Bag for Nintendo Switch,4.8,34.99
"Wireless Switch Pro Controller for Switch/Switch Lite, YCCTEAM 1200mAh Built-in Rechargeable Battery Remote Pro Controller Gamepad Joystick for Switch Console, Support Screenshot and Twitch Movement",4.1,35.99
"Switch Dock with Ethernet, LAN Port Nintendo Switch Docking Station Centeni Portable Nintendo Dock Connect to TV via HDMI Automatically - Replacement Charging Stand Dock for Nintendo Switch",3.7,39.99
Nintendo Joy-Con (L/R) - Neon Pink / Neon Green,4.7,Unknown
$35 Nintendo eShop Gift Card [Digital Code],4.7,35.00
PowerA Nintendo Switch Joy-Con Charging Dock &  Joy-Con Comfort Grips for Nintendo Switch – Black,4.9,Unknown
"Cat Claw Design Thumb Grip Caps, Joystick Cap for Nintendo Switch & Lite, Soft Silicone Cover for Joy-Con Controller （Blue & Green)",4.9,9.99
BioShock: The Collection,4.0,49.94
Luigi's Mansion 3 - Nintendo Switch,4.8,59.95
"Super Monkey Ball Banana Blitz HD ,Nintendo Switch",3.7,33.43
Nintendo Switch with Gray Joy‑Con - HAC-001(-01) + SanDisk 128GB MicroSDXC UHS-I Card,4.7,Unknown
"Wireless Pro Controller for Nintendo Switch Support Amiibo - OUBANG Switch Remote Gamepad with NFC and Awakening Function,Support Gyro Axis,Turbo and Dual Vibration",4.3,23.99
"LETTON Stereo Gaming Headset for PS4, PC, Xbox One Controller, Noise Cancelling Over Ear Headphones with Mic, Bass Surround, Soft Memory Earmuffs for Laptop Mac Nintendo Switch Games (L1)",4.7,29.99
Super Mario Odyssey (Nintendo Switch),4.8,58.79
Game Card Reader Compatible with Nintendo Switch,Unknown,Unknown
"Accessories kit for Nintendo Switch, VOKOO Steering Wheel, Charging Dock, Game Storage Case, Grips,Dockable Cover Case, Screen Protector, Carrying Case Compatible with Nintendo Switch, 10-in-1",4.1,35.99
HORI Nintendo Switch Split Pad Pro (Daemon X Machina Edition) Ergonomic Controller for Handheld Mode - Officially Licensed By Nintendo - Nintendo Switch,4.6,49.99
NBA 2K20   Nintendo Switch,4.7,19.99
Mario + Rabbids Kingdom Battle - Nintendo Switch Standard Edition,4.6,59.99
JEU Console Nintendo ARMS N.Switch,4.5,83.18
Minecraft (Nintendo Switch),4.7,30.02
TechKen XB Pro Controller Compatible with Nintendo Switch and Nintendo Switch Lite,4.5,30.97
PowerA Everywhere Messenger Bag for Nintendo Switch,4.8,34.99
TechKen XB Pro Controller Compatible with Nintendo Switch and Nintendo Switch Lite,4.5,30.97
"USB Type C Cable, Syncwire [2 Pack, 6Ft] USB 3.0 Fast Charging & Sync Nylon Braided USB A to USB-C Charger Cord for Samsung Galaxy S10/S9/S8 Plus/Note 9/8, Nintendo Switch, LG V30, V20, G6, G5",4.6,13.99
"Nintendo Switch Lite, Gray - with SanDisk 128GB UHS-I microSDXC Memory Card for The Switch",3.9,Unknown
Nintendo Switch Lite - Gray with SanDisk 256GB MicroSDXC UHS-I Card for Nintendo Switch,4.8,Unknown
Nintendo Switch Lite Console - Turquoise - with SPSE 128GB Micro SD Card and Adapter,5.0,305.99
Super Smash Bros. for Nintendo 3DS Gameplay,5.0,Unknown
Celeste - Nintendo Switch [Digital Code],4.6,6.79
Ring Fit Adventure - Nintendo Switch,4.8,Unknown
Nintendo Switch Lite - Yellow,4.6,Unknown
Nintendo Switch Lite - Gray with SanDisk 64GB MicroSDXC UHS-I Card for Nintendo Switch,4.8,Unknown
Majoras Mask Link Amiibo - TLOZ Collection (Nintendo Switch/3DS/Wii U) Switch),4.8,34.99
The Outer Worlds - Switch [Digital Code],Unknown,59.99
Nintendo Switch Lite - Turquoise with SanDisk 128GB MicroSDXC UHS-I Card for Nintendo Switch,4.8,Unknown
"OMKUY Protective Cover Case Compatible with Nintendo Switch, Separable Cover for Switch Joy-Con Grip Cover Case (purple+green)",5.0,Unknown
"ZD-O (Lite) Wired Gaming Controller for Steam Nintendo Switch,Lapto/PC(Win7-Win10),Android Smartphone Tablet VR TV Box(Black)",Unknown,28.99
Nintendo Switch Lite Console - Gray - with SPSE 128GB Micro SD Card and Adapter,5.0,Unknown
"Nintendo Switch Bundle: 32GB Console Red and Blue Joy-Con, Nintendo Switch Wheel (set of 2), Deluxe Travel Case and Mario Kart 8 Deluxe Edition Video Game",4.5,679.99
Nintendo 32GB Switch with Neon Blue & Neon Red Joy-Con Controllers - with SanDisk 128GB UHS-I microSDXC Memory Card for The Switch,2.2,529.00
"Nintendo Switch 3 items Game Bundle:Nintendo Switch 32GB Console Gray Joy-con,64GB Micro SD Memory Card and The Legend of Zelda: Breath of the Wild Game Disk",5.0,679.99
"Wireless Switch Pro Controller for Switch/Switch Lite, YCCTEAM 1200mAh Built-in Rechargeable Battery Remote Pro Controller Gamepad Joystick for Switch Console, Support Screenshot and Twitch Movement",4.1,35.99
"LETTON Stereo Gaming Headset for PS4, PC, Xbox One Controller, Noise Cancelling Over Ear Headphones with Mic, Bass Surround, Soft Memory Earmuffs for Laptop Mac Nintendo Switch Games (L1)",4.7,29.99
Orzly Case for Nintendo Switch Lite - Portable Travel Carry Case with storage for Switch Lite Games & Accessories [Yellow],4.8,14.99
Orzly Carry Case Compatible With Nintendo Switch - RED Protective Hard Portable Travel Carry Case Shell Pouch for Nintendo Switch Console & Accessories,4.8,19.99
"AC Adapter Charger for Nintendo Switch, YCCTEAM Switch Charger AC Adapter Power Supply 15V 2.6A Fast Charging Kit for Switch Dock /Switch Lite and Pro Controller (Support TV Mode),Black",4.6,31.98
Hori Nintendo Switch Mario Kart Racing Wheel Pro Mini By - Officially Licensed By Nintendo - Nintendo Switch,4.3,69.99
Super Mario Maker 2 - Nintendo Switch,4.8,Unknown
"Charger for Nintendo Switch, YCCTEAM Switch Charger AC Adapter 15V/2.6A Fast Charging Replacement for Nintendo Switch/Switch Lite with 5FT Type C Cable, Support TV Mode and Dock",4.6,28.54
Clubhouse Games: 51 Worldwide Classics - Nintendo Switch,4.2,39.99
Super Smash Bros - Ultimate (Nintendo Switch),4.8,Unknown
"Wireless Pro Controller for Nintendo Switch Support Amiibo - OUBANG Switch Remote Gamepad with NFC and Awakening Function,Support Gyro Axis,Turbo and Dual Vibration",4.3,23.99
"Switch Pro Controller, TechKen Bluetooth Pro Controller Compatible with Nintendo Switch, New Blue",3.9,21.88
PowerA Joy Con Comfort Grips for Nintendo Switch - Black,4.6,9.88
Legend of Zelda Link's Awakening - Nintendo Switch,4.8,Unknown
"Case for Nintendo Switch Lite, OIVO Ergonomic TPU Protective Grip Cover for Nintendo Switch Lite- 1× HD Glass Screen Protector Included",4.6,13.99
Sonic Forces (Nintendo Switch),4.6,36.99
LEGO Harry Potter: Collection - Nintendo Switch,4.7,24.88
"Nintendo Switch 3 items Game Bundle:Nintendo Switch 32GB Console Gray Joy-con,64GB Micro SD Memory Card and The Legend of Zelda: Breath of the Wild Game Disc",3.9,649.99
Super Smash Bros. for Nintendo 3DS Gameplay,5.0,Unknown
PowerA Pokemon Enhanced Wireless Controller for Nintendo Switch - Scorbunny,4.4,48.99
TechKen XB Pro Controller Compatible with Nintendo Switch and Nintendo Switch Lite,4.5,30.97
"Switch Dock with Ethernet, LAN Port Nintendo Switch Docking Station Centeni Portable Nintendo Dock Connect to TV via HDMI Automatically - Replacement Charging Stand Dock for Nintendo Switch",3.7,39.99
Nintendo Switch Zelda Sheikah Eye Carrying Case – Protective Deluxe Travel Case – Koskin Leather with Embossed Zelda Breath of The Wild Art – Official Nintendo Licensed Product,4.7,19.99
"Wireless Switch Pro Controller for Switch/Switch Lite, YCCTEAM 1200mAh Built-in Rechargeable Battery Remote Pro Controller Gamepad Joystick for Switch Console, Support Screenshot and Twitch Movement",4.1,35.99
"Controller Gear Authentic and Officially Licensed Animal Crossing: New Horizons - ""Timmy & Tommy"" Nintendo Switch Lite Skin",4.4,9.99
Orzly Carry Case Compatible With Nintendo Switch - NEON YELLOW Protective Hard Portable Travel Carry Case Shell Pouch for Nintendo Switch Console & Accessories,4.7,19.99
"VR Headset for Nintendo Switch, OIVO 3D VR (Virtual Reality) Glasses, Labo Goggles Headset for Nintendo Switch",3.2,18.99
Dr Kawashima's Brain Training (Nintendo Switch),4.3,39.99
BioShock: The Collection,4.0,49.94
"Funlab Ultra Slim Carrying Case for Nintendo Switch Console,Portable Leather Clutch with Game Card Cartridges Pouch",4.8,19.99
"OIVO Switch Pro Controller Clip Mount for Nintendo Switch/Switch Lite, Adjustable Clip Clamp Holder Mount for Nintendo Switch Pro Controller",4.2,16.99
HORI Nintendo Switch Real Arcade Pro - Street Fighter™ Edition (Ryu) Officially Licensed by Nintendo & Capcom,4.8,169.00
"ZD-O (Lite) Wired Gaming Controller for Steam Nintendo Switch,Lapto/PC(Win7-Win10),Android Smartphone Tablet VR TV Box(Red)",Unknown,28.99
"ZD-O (Lite) Wired Gaming Controller for Steam Nintendo Switch,Lapto/PC(Win7-Win10),Android Smartphone Tablet VR TV Box(Blue)",Unknown,28.99
HORI Game Card Case 24 for Nintendo Switch Officially Licensed by Nintendo,4.8,9.88
Nintendo Switch Lite DuraFlexi Protector (Clear) By HORI - Officially Licensed by Nintendo,4.8,Unknown
SanDisk 128GB microSDXC UHS-I Card for Nintendo Switch - SDSQXBO-128G-AWCZA,4.8,Unknown
Officially Licensed Nintendo Switch GripStand – Comfortable & Ergonomic – Cleaning Cloth,4.5,11.99
FIFA 20 (Nintendo Switch),4.7,33.00
"Taiko no Tatsujin controller ""Taiko and Stick for Nintendo Switch"" Japanese ver.",4.5,96.99
Instant Sports - Nintendo Switch,4.1,29.99
Xenoblade Chronicles: Definitive Edition - Nintendo Switch,4.8,59.99
"ZD-O (Lite) Wired Gaming Controller for Steam Nintendo Switch,Lapto/PC(Win7-Win10),Android Smartphone Tablet VR TV Box(Black)",Unknown,28.99
"Wireless Pro Controller for Nintendo Switch Support Amiibo - OUBANG Switch Remote Gamepad with NFC and Awakening Function,Support Gyro Axis,Turbo and Dual Vibration",4.3,23.99
Nintendo Switch Lite - Gray,4.8,Unknown
Nintendo Switch Lite - Coral - Switch,4.8,Unknown
Nintendo Switch with Neon Blue and Neon Red Joy‑Con - HAC-001(-01),4.7,Unknown
Nintendo Switch Lite - Turquoise,4.6,Unknown
Nintendo Switch w/ Gray Joy-Con + Mario Kart 8 Deluxe (Full Game Download) - Switch,4.7,Unknown
Nintendo Switch with Neon Blue and Neon Red Joy‑Con HAC-001 w/ Mario Kart 8 Deluxe,4.6,Unknown
Nintendo Switch – Neon Red and Neon Blue Joy-Con - HAC 001 (Discontinued by Manufacturer),4.7,Unknown
Nintendo Switch 32GB Console Video Games w/ 32GB Memory Card | Neon Red/Neon Blue Joy-Con | 1080p Resolution | 802.11ac WiFi | HDMI | Surround Sound | IR Motion Camera,3.7,Unknown
XP Wireless Controller Compatible with Nintendo Switch and Nintendo Switch Lite,4.5,30.97
MEQI Carrying Case Compatible with Nintendo Switch - Protective Hard Shell Slim Travel Carry Pouch -10 Game Cartridge Holders Portable Game Case for Nintendo Switch Console & Accessories - Gray,4.6,24.59
Nintendo Switch w/ Neon Blue & Neon Red Joy-Con + Mario Kart 8 Deluxe (Full Game Download) - Switch,4.6,Unknown
Nintendo Switch Pro Controller,4.8,Unknown
Nintendo Switch with Gray Joy‑Con - HAC-001(-01),4.7,Unknown
SanDisk 128GB MicroSDXC UHS-I Memory Card for Nintendo Switch - SDSQXAO-128G-GNCZN,4.8,27.99
Animal Crossing: New Horizons - Nintendo Switch,4.7,Unknown
Nintendo Switch Lite - Grey,5.0,272.00
Nintendo Switch Lite - Yellow,4.6,Unknown
Mario Kart 8 Deluxe - Nintendo Switch,4.9,Unknown
"Wireless Switch Pro Controller for Switch/Switch Lite, YCCTEAM 1200mAh Built-in Rechargeable Battery Remote Pro Controller Gamepad Joystick for Switch Console, Support Screenshot and Twitch Movement",4.1,35.99
"Switch Dock with Ethernet, LAN Port Nintendo Switch Docking Station Centeni Portable Nintendo Dock Connect to TV via HDMI Automatically - Replacement Charging Stand Dock for Nintendo Switch",3.7,39.99
Race with Ryan - Nintendo Switch,4.4,33.88
PDP 500-132-NA Afterglow Deluxe + Audio Wired Controller for Nintendo Switch,4.4,23.99
"ZIOCOM Bluetooth Adapter Audio Transmitter for Nintendo Switch,USB C Connector Low Latency,Support in-Game Voice and Two Devices,Compatible with AirPods PS4 Bose Sony and Bluetooth Headphones",4.2,23.99
Nintendo Switch Wireless HORIPAD (Blue) by HORI - Officially Licensed by Nintendo,4.3,49.99
"HEYSTOP Case for Nintendo Switch, 6 in 1 Nintendo Switch Case Come with 2 Joy-con Grips for Nintendo Switch, Adjustable PlayStand, Tempered Glass Screen Protector with 6 Thumb Grip Caps",4.8,25.99
Carnival Games   Nintendo Switch,4.3,18.37
"Wireless Switch Pro Controller for Switch/Switch Lite, YCCTEAM 1200mAh Built-in Rechargeable Battery Remote Pro Controller Gamepad Joystick for Switch Console, Support Screenshot and Twitch Movement",4.1,35.99
$45 Nintendo eShop Gift Card [Digital Code],4.7,45.00
"Wireless Pro Controller for Nintendo Switch Support Amiibo - OUBANG Switch Remote Gamepad with NFC and Awakening Function,Support Gyro Axis,Turbo and Dual Vibration",4.3,23.99
"Switch Pro Controller, TechKen Bluetooth Pro Controller Compatible with Nintendo Switch, New Blue",3.9,21.88
Nintendo Switch Dual USB Playstand By HORI - Officially Licensed by Nintendo,4.2,29.99
Gigantosaurus The Game for Nintendo Switch - Nintendo Switch,4.3,29.83
PowerA Everywhere Messenger Bag for Nintendo Switch,4.8,34.99
Mario + Rabbids Kingdom Battle - Unofficial Guide / Walkthrough (Illustrated) Nintendo Switch: Nintendo Switch Collectors Edition Guide,Unknown,0.00
Super Mario Party - Nintendo Switch [Digital Code],4.7,41.99
"DELAM Joy Con Controller Replacement for Nintendo Switch, L/R Joycon Pad with Wrist Strap, Alternatives for Nintendo Switch Controllers, Wired/Wireless Switch Remotes - Red and Blue",5.0,40.99
Nintendo Switch Dock Set,4.7,Unknown
"Orzly Grip Case for Nintendo Switch Lite – Case with Comfort Padded Hand Grips, Kickstand, Pack of Thumb Grips - Pink",4.8,14.49
TechKen XB Pro Controller Compatible with Nintendo Switch and Nintendo Switch Lite,4.5,30.97
"ZD-O (Lite) Wired Gaming Controller for Steam Nintendo Switch,Lapto/PC(Win7-Win10),Android Smartphone Tablet VR TV Box(Black)",Unknown,28.99
"Wireless Switch Pro Controller for Switch/Switch Lite, YCCTEAM 1200mAh Built-in Rechargeable Battery Remote Pro Controller Gamepad Joystick for Switch Console, Support Screenshot and Twitch Movement",4.1,35.99
"LETTON Stereo Gaming Headset for PS4, PC, Xbox One Controller, Noise Cancelling Over Ear Headphones with Mic, Bass Surround, Soft Memory Earmuffs for Laptop Mac Nintendo Switch Games (L1)",4.7,29.99
Nintendo Switch Lite - Zacian and Zamazenta Edition,4.8,Unknown
Super Smash Bros. Ultimate,4.8,Unknown
Luigi's Mansion 3 - Nintendo Switch,4.8,59.95
Nintendo Joy-Con (L/R) - Neon Red/Neon Blue,4.7,Unknown
"Nintendo Switch Lite, Gray - with SanDisk 128GB UHS-I microSDXC Memory Card for The Switch",3.9,Unknown
Nintendo Switch High Speed Car Charger by HORI Officially Licensed by Nintendo,4.8,9.88
Nintendo Animal Crossing: New Horizons - Nintendo Switch,4.7,Unknown
Nintendo Blue/ Neon Yellow Joy-Con (L-R) - Switch,4.7,Unknown
"Wireless Pro Controller for Nintendo Switch Support Amiibo - OUBANG Switch Remote Gamepad with NFC and Awakening Function,Support Gyro Axis,Turbo and Dual Vibration",4.3,23.99
XP Wireless Controller Compatible with Nintendo Switch and Nintendo Switch Lite,4.5,30.97
$50 Nintendo eShop Gift Card [Digital Code],4.7,50.00
Minecraft (Nintendo Switch),4.7,30.02
Nintendo Switch - Gray Joy-Con - HAC 001 (Discontinued by Manufacturer),4.7,Unknown
"Kinvoca Joy Con Controller Replacement for Nintendo Switch, L/R Joycon Pad with Wrist Strap, Alternatives for Nintendo Switch Controllers, Wired/Wireless Switch Remotes - Red and Blue",3.6,45.99
$99 Nintendo eShop Gift Card [Digital Code],4.7,99.00
PowerA Enhanced Wireless Controller for Nintendo Switch - White,4.4,Unknown
"Switch Accessories Bundle - Orzly Geek Pack for Nintendo Switch: Case & Screen Protector, Joycon Grips & Racing Wheels, Switch Controller Charge Dock, Comfort Grip Case & More - JetBlack",4.7,54.99
New Super Mario Bros U Deluxe - Nintendo Switch [Digital Code],4.8,41.99
"Exlene Wireless Gamecube Controller Switch, Compatible with Nintendo Switch and PC, Rechargeable, Motion Controls, Rumble, Turbo (Bluetooth Version)",4.0,36.99
"Switch Dock with Ethernet, LAN Port Nintendo Switch Docking Station Centeni Portable Nintendo Dock Connect to TV via HDMI Automatically - Replacement Charging Stand Dock for Nintendo Switch",3.7,39.99
"Wireless Switch Pro Controller for Switch/Switch Lite, YCCTEAM 1200mAh Built-in Rechargeable Battery Remote Pro Controller Gamepad Joystick for Switch Console, Support Screenshot and Twitch Movement",4.1,35.99
"UL Listed Delippo 61W/65W USB Type C Power Delivery Fast Charging Wall Charger for Apple MacBook/Pro, Samsung,Nexus,Nintendo Switch,Lenovo,ASUS,Acer,Dell,Xiaomi Air",4.1,19.59
Nintendo Switch USB-C Wireless HORIPAD (Zelda) By HORI - Officially Licensed By Nintendo,4.3,49.99
"Controller Gear Aunthentic & Officially Licensed Animal Crossing: New Horizon - ""Timmy & Tommy"" Nintendo Switch Skin Bundle",4.7,19.99
Super Street Racer - Nintendo Switch,4.3,Unknown
PDP 500-100-NA-D5 Nintendo Switch Super Mario Bros Princess Peach GameCube Style Wired Fight Pad Pro Controller,4.5,24.99
"UKor Switch TV Dock, Portable Charging Stand for Nintendo Switch,Compact Switch to HDMI Adapter,Mini Switch Docking Station with Extra USB 3.0 Port, Replacement Charging Dock for Nintendo Switch",4.0,27.98
WB Games Lego City Undercover - Nintendo Switch,4.7,15.49
"Syncwire Nintendo Switch Screen Protector Tempered Glass [2 Pack] Transparent HD Clear Screen Protector for Nintendo Switch [Anti-Scratch, Anti-Fingerprint, Shatterproof, Bubble-Free]",4.6,10.99
AmazonBasics Playstand for Nintendo Switch - Black,4.6,9.09
"LETTON Stereo Gaming Headset for PS4, PC, Xbox One Controller, Noise Cancelling Over Ear Headphones with Mic, Bass Surround, Soft Memory Earmuffs for Laptop Mac Nintendo Switch Games (L1)",4.7,29.99
"Wireless Pro Controller for Nintendo Switch Support Amiibo - OUBANG Switch Remote Gamepad with NFC and Awakening Function,Support Gyro Axis,Turbo and Dual Vibration",4.3,23.99
PowerA Stealth Case Kit for Nintendo Switch Lite - Pokemon Battle - Nintendo Switch,4.8,9.99
"TAKECASE Nintendo Switch Hard Case, Fits Adapter/Charger, Includes 19 Game Card Storage, Accessories Pouch, Handle, Nintendo Switch Carrying Case, Nintendo Switch Case - Blue/Black",4.9,18.99
Monopoly (Nintendo Switch),4.6,20.53
Trials of Mana - Nintendo Switch,4.6,39.99
NSW NINTENDO SWITCH JOY-CON CONTROLLERS (NEON PURPLE / NEON ORANGE) (EURO),4.8,Unknown
Controller Gear Nintendo Switch Skin & Screen Protector Set - Pokemon - Pikachu Set 1 - Nintendo Switch,4.7,19.99
"Wireless Switch Pro Controller for Nintendo Switch, Remote Pro Controller Gamepad Joystick for Switch Console, Supports Gyro Axis, Adjustable Turbo and Dual Vibration.",4.5,40.99
HORI Nintendo Switch HORIPAD Wired Controller Officially Licensed by Nintendo - Nintendo Switch;,4.4,19.99
"ZD-O (Lite) Wired Gaming Controller for Steam Nintendo Switch,Lapto/PC(Win7-Win10),Android Smartphone Tablet VR TV Box(Red)",Unknown,28.99
"ZD-O (Lite) Wired Gaming Controller for Steam Nintendo Switch,Lapto/PC(Win7-Win10),Android Smartphone Tablet VR TV Box(Blue)",Unknown,28.99
"Wireless Switch Pro Controller for Switch/Switch Lite, YCCTEAM 1200mAh Built-in Rechargeable Battery Remote Pro Controller Gamepad Joystick for Switch Console, Support Screenshot and Twitch Movement",4.1,35.99
"Switch Dock with Ethernet, LAN Port Nintendo Switch Docking Station Centeni Portable Nintendo Dock Connect to TV via HDMI Automatically - Replacement Charging Stand Dock for Nintendo Switch",3.7,39.99
Nintendo Switch Adventure Pack (Poke Ball Edition) Travel Bag by HORI - Officially Licensed by Nintendo & Pokemon,4.8,24.99
Sports Party - Nintendo Switch Standard Edition,4.3,14.99
"Lamicall Multi-Angle Nintendo Switch Playstand, Tablet Stand, Phone Holder Dock for Desk, Foldable, Adjustable, Compatible with iPad Mini Pro Air, iPhone XS Max XR X 8 7 6S 6 Plus etc., 4-10'' Devices",4.8,19.99
"Gulikit Route Air Pro Bluetooth Adapter for Switch & Lite PS4 PC,Support in-Game Voice Chat, APTX Low Latency Wireless Transmitter with A/B Dual Paring for Airpods Bluetooth Speaker Headphones",5.0,28.99
Splatoon 2 - Nintendo Switch,4.6,59.99
Nintendo Switch HORIPAD Wired Controller (Blue) by HORI - Licensed by Nintendo,4.4,22.69
Nintendo Switch Online Family Membership 12 Month - Nintendo Switch [Digital Code],4.7,34.99
Pokemon Shield - Nintendo Switch,4.8,57.99
"Wireless Pro Controller for Nintendo Switch Support Amiibo - OUBANG Switch Remote Gamepad with NFC and Awakening Function,Support Gyro Axis,Turbo and Dual Vibration",4.3,23.99
TechKen XB Pro Controller Compatible with Nintendo Switch and Nintendo Switch Lite,4.5,30.97
ARMS (Nintendo Switch),4.6,Unknown
Nintendo Switch USB-C Wireless HORIPAD (Mario) By HORI - Officially Licensed By Nintendo,4.3,49.99
Witcher 3: Wild Hunt - Nintendo Switch,4.8,49.99
"Accessories Kit Bundle for Nintendo Switch, OIVO 12 in 1 Accessories Bundle Kit for Nintendo Switch Console",4.5,36.99
AmazonBasics Carrying Case for Nintendo Switch - Black,4.5,8.03
NAMCO MUSEUM ARCADE PAC - Nintendo Switch,4.5,29.98
"Nintendo Switch Accessories Bundle,Kit with Carrying Case,Protective Case with Screen Protector,Compact Playstand,Game Case,Joystick Cap,Charging Dock,Grip and Steering Wheel (11-in-1)",4.6,36.99
LEGO Star Wars: The Skywalker Saga - Nintendo Switch,Unknown,59.99
Majoras Mask Link Amiibo - TLOZ Collection (Nintendo Switch/3DS/Wii U) Switch),4.8,34.99
"ZD-O (Lite) Wired Gaming Controller for Steam Nintendo Switch,Lapto/PC(Win7-Win10),Android Smartphone Tablet VR TV Box(Black)",Unknown,28.99
XP Wireless Controller Compatible with Nintendo Switch and Nintendo Switch Lite,4.5,30.97
Lexar High-Performance 633x 128GB MicroSDXC UHS-I Card with SD Adapter (LSDMI128BBNL633A),4.5,19.99
Nintendo Switch Dock Set,4.7,Unknown
"Orzly Grip Case for Nintendo Switch Lite – Case with Comfort Padded Hand Grips, Kickstand, Pack of Thumb Grips - Pink",4.8,14.49
Fairy Tail - Nintendo Switch,Unknown,59.99
The Witcher 3 Wild Hunt Complete Edition (Nintendo Switch),4.8,56.79
"Switch Pro Controller, Wireless Switch Controller for Nintendo Switch, Supports Gyro Axis,Turbo and Dual Vibration Joystick Remote Pro Controller Gamepad",4.3,22.99
"AmazonBasics Game Storage Case for 24 Nintendo Switch Games - 3.4 x 3.4 x 1 Inches, Blue",4.6,9.70
"Controller Gear Aunthentic & Officially Licensed Animal Crossing: New Horizon - ""Tom Nook & Team"" Nintendo Switch Skin Bundle",4.7,19.99
Nintendo Labo - Robot Kit,4.6,Unknown
"ZD-O (Lite) Wired Gaming Controller for Steam Nintendo Switch,Lapto/PC(Win7-Win10),Android Smartphone Tablet VR TV Box(Blue)",Unknown,28.99
MEQI Carrying Case Compatible with Nintendo Switch - Protective Hard Shell Slim Travel Carry Pouch -10 Game Cartridge Holders Portable Game Case for Nintendo Switch Console & Accessories - Silver,4.6,24.99
"AmazonBasics Carrying Case for Nintendo Switch and Accessories - 10 x 2 x 5 Inches, Black",4.8,16.88
Pokemon Mystery Dungeon: Rescue Team DX (Nintendo Switch),4.7,56.99
HORI Nintendo Switch Joy-Con Charge Stand by HORI Officially Licensed by Nintendo,4.7,29.99
Collective Minds Switch-Up - Nintendo Switch,4.1,24.99
Sonic Mania Plus (Nintendo Switch) (Nintendo Switch),4.7,32.79
Rocket League - Nintendo Switch [Digital Code],4.5,19.99
PDP 500-134-NA-CM02 Nintendo Switch Faceoff Deluxe+ Audio Wired Controller - Blue Camo,4.3,24.99
Metro Redux - Nintendo Switch,4.7,41.88
"ZD-O (Lite) Wired Gaming Controller for Steam Nintendo Switch,Lapto/PC(Win7-Win10),Android Smartphone Tablet VR TV Box(Black)",Unknown,28.99
"ZD-O (Lite) Wired Gaming Controller for Steam Nintendo Switch,Lapto/PC(Win7-Win10),Android Smartphone Tablet VR TV Box(Red)",Unknown,28.99
Nintendo Switch Zelda Sheikah Eye Carrying Case – Protective Deluxe Travel Case – Koskin Leather with Embossed Zelda Breath of The Wild Art – Official Nintendo Licensed Product,4.7,19.99
"Wireless Switch Pro Controller for Switch/Switch Lite, YCCTEAM 1200mAh Built-in Rechargeable Battery Remote Pro Controller Gamepad Joystick for Switch Console, Support Screenshot and Twitch Movement",4.1,35.99
Spongebob Squarepants: Battle for Bikini Bottom - Rehydrated - Nintendo Switch Standard Edition,Unknown,29.99
"Wireless Switch Pro Controller for Nintendo Switch/Switch Lite,Switch Remote Control Gamepad Joypad for Nintendo Switch Console,Switch Joystick Controller with Turbo,Motion Control and Vibration",4.5,29.99
Nintendo Wii Console (Black) - (Renewed),3.8,Unknown
$35 Nintendo eShop Gift Card [Digital Code],4.7,35.00
PowerA Enhanced Wireless Controller for Nintendo Switch: Pokemon Poke Ball Red,4.4,Unknown
Nintendo Switch Lite Console - Turquoise - with SPSE 128GB Micro SD Card and Adapter,5.0,305.99
Yoshi's Crafted World (Nintendo Switch),4.8,57.95
LEGO Marvel Superheroes 2 - Nintendo Switch,4.6,19.99
"Wireless Pro Controller for Nintendo Switch Support Amiibo - OUBANG Switch Remote Gamepad with NFC and Awakening Function,Support Gyro Axis,Turbo and Dual Vibration",4.3,23.99
"Accessories kit for Nintendo Switch, VOKOO Steering Wheel, Charging Dock, Game Storage Case, Grips,Dockable Cover Case, Screen Protector, Carrying Case Compatible with Nintendo Switch, 10-in-1",4.1,35.99
Nintendo Switch Console Gray Joy-Con,4.4,Unknown
Super Mario Party (Nintendo Switch) - Switch,4.7,42.64
"Carrying Case Plus TPU Case Cover and Screen Protector for Nintendo Switch Lite, 4 in 1 Accessories Kit, Portable Carrier Travel Bag Case Comes with 8 Game Card Slots for Switch Lite 2019",4.7,18.99
"Cat Claw Design Thumb Grip Caps, Joystick Cap for Nintendo Switch & Lite, Soft Silicone Cover for Joy-Con Controller （Blue & Green)",4.9,9.99
Zelda : Links Awakening Ultimate Guide Collectors Edition (Coloured Version) (Illustrated) Nintendo Switch: Collectors Edition (Coloured Version) (Illustrated) Nintendo Switch Unofficial Walkthrough,Unknown,0.00
Nintendo Blue/Neon Yellow Joy-Con (L-R) - Switch (Japan Import),4.5,99.99
Nintendo Switch HORIPAD Wired Controller (Red) by HORI - Licensed by Nintendo,4.4,19.99
Monster Jam Steel Titans - Nintendo Switch,4.6,33.88
TechKen XB Pro Controller Compatible with Nintendo Switch and Nintendo Switch Lite,4.5,30.97
"Switch Dock with Ethernet, LAN Port Nintendo Switch Docking Station Centeni Portable Nintendo Dock Connect to TV via HDMI Automatically - Replacement Charging Stand Dock for Nintendo Switch",3.7,39.99
Nintendo Switch Zelda Sheikah Eye Carrying Case – Protective Deluxe Travel Case – Koskin Leather with Embossed Zelda Breath of The Wild Art – Official Nintendo Licensed Product,4.7,19.99
"Switch Dock with Ethernet, LAN Port Nintendo Switch Docking Station Centeni Portable Nintendo Dock Connect to TV via HDMI Automatically - Replacement Charging Stand Dock for Nintendo Switch",3.7,39.99
"Nintendo Switch Bundle: 32GB Console Red and Blue Joy-Con, Nintendo Switch Wheel (set of 2), Deluxe Travel Case and Mario Kart 8 Deluxe Edition Video Game",4.5,679.99
Spyro Reignited Trilogy - Nintendo Switch Standard Edition,4.7,39.14
Carry Case for Nintendo Switch Lite - Portable Travel Carry Case with storage for Switch Lite Games & Accessories [Gray / Grey],4.8,12.74
PDP Nintendo Switch Deluxe Travel Case - Mario Remix Edition - Nintendo Switch,4.9,19.99
PowerA Pokemon Wireless GameCube Style Controller for Nintendo Switch - Pikachu,4.3,47.81
"Controller Gear Aunthentic & Officially Licensed Animal Crossing: New Horizon - ""Outdoor Pattern"" Nintendo Switch Skin Bundle",4.7,19.99
Just Dance Unlimited 365 Days - Nintendo Switch [Digital Code],4.2,24.99
NSW NINTENDO SWITCH JOY-CON CONTROLLERS (BLUE / NEON YELLOW) (PAX0010222508),4.7,113.99
"Wireless Pro Controller for Nintendo Switch Support Amiibo - OUBANG Switch Remote Gamepad with NFC and Awakening Function,Support Gyro Axis,Turbo and Dual Vibration",4.3,23.99
Majoras Mask Link Amiibo - TLOZ Collection (Nintendo Switch/3DS/Wii U) Switch),4.8,34.99
TechKen XB Pro Controller Compatible with Nintendo Switch and Nintendo Switch Lite,4.5,30.97
Nintendo Switch Screen Protector (2 Pack) by TalkWorks | Anti-Glare & Scratch Resistant Tempered Glass | Easy-Install Ultra-Thin HD Glass Screen Cover Film Back,4.3,6.48
"Sisma 80 Games Holder Cartridges Storage Case for Nintendo Switch PS Vita Physical Games and SD Cards, Black",4.8,16.99
Team Sonic Racing - Nintendo Switch,4.5,29.99
Pokkén Tournament DX - Nintendo Switch,4.6,59.99
Mudrunner - American Wilds Edition - Nintendo Switch,4.6,29.99
Zombie Army Trilogy - Nintendo Switch,4.4,39.99
"Switch Pro Controller for Nintendo Switch, Supports Gyro Axis and Dual Vibration，Perfectly Compatible with Nintendo Switch and PC,Adjustable Turbo and Dual Vibration.(Black and White)",4.5,36.99
TechKen XB Pro Controller Compatible with Nintendo Switch and Nintendo Switch Lite,4.5,30.97
PowerA Everywhere Messenger Bag for Nintendo Switch,4.8,34.99
Nintendo Switch Zelda Sheikah Eye Carrying Case – Protective Deluxe Travel Case – Koskin Leather with Embossed Zelda Breath of The Wild Art – Official Nintendo Licensed Product,4.7,19.99
"Wireless Switch Pro Controller for Switch/Switch Lite, YCCTEAM 1200mAh Built-in Rechargeable Battery Remote Pro Controller Gamepad Joystick for Switch Console, Support Screenshot and Twitch Movement",4.1,35.99
$70 Nintendo eShop Gift Card [Digital Code],4.7,70.00
"Cat Claw Design Thumb Grip Caps, Joystick Cap for Nintendo Switch & Lite, Soft Silicone Cover for Joy-Con Controller （Yellow & Purple)",3.5,9.99
"Nintendo Switch 7 items Bundle:Nintendo Switch 32GB Console Neon Red/Neon Blue,128GB Micro SD Card,Nintendo Joy-Con Controllers Gray,Super Mario Odyssey,Mytrix HDMI,Type-C Cable,Wireless Wheel",Unknown,699.99
Donkey Kong Tropical Freeze Gameplay,5.0,Unknown
Nintendo Switch Lite - Zacian and Zamazenta Edition (Renewed),4.6,Unknown
PGA TOUR 2K21 - Nintendo Switch,Unknown,59.99
$99 Nintendo eShop Gift Card [Digital Code],4.7,99.00
Mortal Kombat 11 - Nintendo Switch,4.6,27.99
"Wireless Pro Controller for Nintendo Switch Support Amiibo - OUBANG Switch Remote Gamepad with NFC and Awakening Function,Support Gyro Axis,Turbo and Dual Vibration",4.3,23.99
"LETTON Stereo Gaming Headset for PS4, PC, Xbox One Controller, Noise Cancelling Over Ear Headphones with Mic, Bass Surround, Soft Memory Earmuffs for Laptop Mac Nintendo Switch Games (L1)",4.7,29.99
"RegeMoudal Wireless Controller for Nintendo Switch,Wireless Switch Pro Controller Switch Remote Gamepad Joystick,Supports Gyro Axis, Turbo and Dual Vibration",5.0,36.99
"Wireless Switch Pro Controller for Nintendo Switch, Remote Pro Controller Gamepad Joystick for Switch Console, Supports Gyro Axis, Adjustable Turbo and Dual Vibration.",4.5,40.99
"Controller Gear Authentic and Officially Licensed 2-Pack Animal Crossing: New Horizons - ""Outdoor Pattern"" Nintendo Switch Lite Skin & ""It Takes A Village"" Tech Decal",4.4,24.99
"Accessories kit for Nintendo Switch, VOKOO Steering Wheel, Charging Dock, Game Storage Case, Grips,Dockable Cover Case, Screen Protector, Carrying Case Compatible with Nintendo Switch, 10-in-1",4.1,35.99
iHosok Carrying case for Nintendo Switch lite Console - Portable Travel Hard Shell Protective case with 8 Game Card Slots & Storage for Accessories-Turquoise,5.0,Unknown
Replacement Type-C Switch Charging Port Charger Connector Power Socket Connector for Nintendo Switch NS Console (2-Pack),Unknown,Unknown
Collection of Mana - Nintendo Switch,4.7,24.99
A Crossing N Horizons Game Skin for Nintendo Switch Lite Console 100% Satisfaction Guarantee,5.0,Unknown
PowerA Everywhere Messenger Bag for Nintendo Switch,4.8,34.99
TechKen XB Pro Controller Compatible with Nintendo Switch and Nintendo Switch Lite,4.5,30.97
"Wireless Switch Pro Controller for Switch/Switch Lite, YCCTEAM 1200mAh Built-in Rechargeable Battery Remote Pro Controller Gamepad Joystick for Switch Console, Support Screenshot and Twitch Movement",4.1,35.99
"LETTON Stereo Gaming Headset for PS4, PC, Xbox One Controller, Noise Cancelling Over Ear Headphones with Mic, Bass Surround, Soft Memory Earmuffs for Laptop Mac Nintendo Switch Games (L1)",4.7,29.99
Donkey Kong Country: Tropical Freeze - Nintendo Switch,4.7,41.99
Orzly Carry Case for Nintendo Switch Lite - Portable Travel Carry Case with storage for Switch Lite Games & Accessories [Solid Black],4.8,11.04
Nintendo Switch Bundle with Mario Party & Case,4.3,Unknown
"Wireless Switch Pro Controller for Nintendo Switch/Switch Lite Pro Controller Gamepad,Switch Remote Joypad Control Games Joystick for Switch Console with 6-Axis Gyro Dual Shock,Work with Bluetooth",4.4,28.69
Locking Carry Case for Nintendo Switch Hardshell Deluxe Bag w/ Anti-theft TSA Combination Lock - Include 1 Tempered Glass Screen Protector,4.8,30.99
Orzly case for Nintendo Switch - Portable Travel carry case with storage for Switch console games & accessories [Red & White edition],4.8,19.99
Orzly Case for Nintendo Switch Lite - Portable Travel Carry Case with storage for Switch Lite Games & Accessories [Turquoise Blue Edition],4.8,12.74
Luigi's Mansion 3 Standard Edition - Nintendo Switch,4.6,59.68
"ZD-O (Lite) Wired Gaming Controller for Steam Nintendo Switch,Lapto/PC(Win7-Win10),Android Smartphone Tablet VR TV Box(Blue)",Unknown,28.99
"ZD-O (Lite) Wired Gaming Controller for Steam Nintendo Switch,Lapto/PC(Win7-Win10),Android Smartphone Tablet VR TV Box(Red)",Unknown,28.99
Paper Mario:  The Origami King - Switch [Digital Code],Unknown,59.99
Hello Neighbor - Nintendo Switch,4.5,25.56
Minecraft - Nintendo Switch,4.7,Unknown
Mario & Sonic at the Olympic Games Tokyo 2020 - Nintendo Switch,4.6,Unknown
Orzly Glass Screen Protectors compatible with Nintendo Switch - Premium Tempered Glass Screen Protector TWIN PACK [2x Screen Guards - 0.24mm] for 6.2 Inch Tablet Screen on Nintendo Switch Console,4.7,8.99
Nintendo Switch Carrying Case – Protective Deluxe Travel Case – Black Ballistic Nylon Exterior – Official Nintendo Licensed Product,4.7,17.57
Mortal Kombat 11 - Nintendo Switch,4.6,27.99
Pokémon Shield - Nintendo Switch,4.7,52.00
"ZD-O (Lite) Wired Gaming Controller for Steam Nintendo Switch,Lapto/PC(Win7-Win10),Android Smartphone Tablet VR TV Box(Black)",Unknown,28.99
TechKen XB Pro Controller Compatible with Nintendo Switch and Nintendo Switch Lite,4.5,30.97
Nintendo Switch Zelda Sheikah Eye Carrying Case – Protective Deluxe Travel Case – Koskin Leather with Embossed Zelda Breath of The Wild Art – Official Nintendo Licensed Product,4.7,19.99
"Wireless Switch Pro Controller for Switch/Switch Lite, YCCTEAM 1200mAh Built-in Rechargeable Battery Remote Pro Controller Gamepad Joystick for Switch Console, Support Screenshot and Twitch Movement",4.1,35.99
Nintendo Switch Mario Kart Racing Wheel Pro Deluxe By HORI - Officially Licensed By Nintendo,4.5,99.26
Replacement Nintendo Switch 32GB Original System Console Tablet Only,4.0,369.99
"Nintendo Switch Gaming Earbuds Pro with Mixer by HORI - Licensed by Nintendo, Blue",4.1,25.00
Official Nintendo Licensed D-pad Joy-Con Left Zelda Version for Nintendo Switch,4.2,23.63
Nintendo Switch Joy-Con Controller Pair - Neon Red/Neon Blue,4.6,112.65
Nintendo Switch Lite Slim Tough Pouch (Black) By HORI - Officially Licensed By Nintendo,4.8,16.70
Marvel Ultimate Alliance 3: the Black Order (Nintendo Switch),4.5,54.85
"Kootek Large Shockproof Carrying Storage Case for Nintendo Switch, Hard Shell Travel Cases with 21 Games & Shoulder Strap for Switch Console, Pro Controller, Accessories Switch Dock, AC Adapter Cable",4.9,27.99
"Wireless Pro Controller for Nintendo Switch Support Amiibo - OUBANG Switch Remote Gamepad with NFC and Awakening Function,Support Gyro Axis,Turbo and Dual Vibration",4.3,23.99
"LETTON Stereo Gaming Headset for PS4, PC, Xbox One Controller, Noise Cancelling Over Ear Headphones with Mic, Bass Surround, Soft Memory Earmuffs for Laptop Mac Nintendo Switch Games (L1)",4.7,29.99
Kirby Star Allies - Nintendo Switch [Digital Code],4.6,41.99
"Wireless NFC Switch Pro Controller for Nintendo Switch/Switch Lite, Amiibo Switch Remote Control Gamepad Joypad with Turbo,Switch Joystick Controller for Nintendo Switch Console Work with Bluetooth",4.5,30.99
Kirby: Star Allies (Nintendo Switch),4.7,74.85
Just Dance 2020 - Nintendo Switch Standard Edition,4.7,Unknown
RDS Industries Nintendo Switch System Carrying Case – Protective Deluxe Travel System Case – Black Ballistic Nylon Exterior – Official Nintendo Licensed Product,4.7,39.99
LEGO Disney Pixar's The Incredibles - Nintendo Switch,4.7,24.88
"Grip for Nintendo Switch Lite, OIVO Comfortable & Ergonomic Asymmetrical Hand Grip with Upgraded Adjustable Stand and 4 Game Slots for Nintendo Switch Lite- Thump Caps I